title,authors,year,doi,keywords,description,url,repository
plastic-waste-database/GDP_FDI_Dataset: GDP_FDI,machine learning,2024,10.5281/zenodo.13342593,,No description provided.,,Zenodo
RGB and RGNIR Plastic Waste Database,machine learning,2024,10.5281/zenodo.13827422,,RGB and RGNIR Plastic Waste Database,,Zenodo
plastic-waste-database/Rainfall-and-Kalumpang-Malaysia: Rainfall and Terrain Data,machine learning,2024,10.5281/zenodo.13235113,,<p>You can use this Malaysian rainfall and terrain data on scattered data interpolation or other suitable techniques</p>,,Zenodo
mushrooms,UCI Machine Learning,2022,10.5281/zenodo.6000557,,<p>Dataset mushrooms</p>,,Zenodo
TiffSlide - Cloud native openslide-python replacement,"Poehlmann, Andreas, Villalba, Santiago",2022,10.5281/zenodo.6327079,,<p>TiffSlide is a Python module that acts as a drop-in replacement for openslide-python.</p>,,Zenodo
Sensor Position Comparison Dataset,"Arne Küderle, Nils Roth, Jovana Zlatanovic, Markus Zrenner, Björn Eskofier, Felix Kluge",2021,10.5281/zenodo.5747173,,"<pre>&nbsp;</pre>

<p>A dataset containing IMU recordings with full motion capture reference from 14 participants (approx. 10000 strides). Each participant was equipped with&nbsp;15&nbsp;synchronised IMUs (6 at different positions at each shoe, 1 at each ankle, and 1 and the lower back).</p>

<p>The main goal of the dataset is to compare the recorded signals of the 6 sensors attached to each foot.</p>

<p>For more information about the dataset check the `README.md` file in the dataset.</p>

<p>If you are using the dataset, please cite the following paper:</p>

<p>K&uuml;derle, Arne, Nils Roth, Jovana Zlatanovic, Markus Zrenner, Bjoern Eskofier, and Felix Kluge.<br>
&ldquo;The Placement of Foot-Mounted IMU Sensors Does Affect the Accuracy of Spatial Parameters during Regular Walking.&rdquo;<br>
PLOS ONE 17, no. 6 (June 9, 2022): e0269567. https://doi.org/10.1371/journal.pone.0269567.</p>",,Zenodo
ZMaster-EjerciciosDiarios-TestScript,JA-Cuartas-Micieces,2022,10.5281/zenodo.5982937,Test of a,<p>Script e input csv para ejercicio del m&aacute;ster en Data Science</p>,,Zenodo
opium-sh/prl: First release of Peoples's Reinforcement Learning (PRL),"Piotr Tempczyk, Maciej Sliwowski, Piotr Kozakowski, Piotr Smuda, Bartosz Topolski, Filip Nabrdalik, Tomasz Malisz",2020,10.5281/zenodo.3662113,"reinforcement learning, machine learning, deep learning, neural networks, python",<p>Open-source library for a reinforcement learning research.</p>,,Zenodo
Jordskælvssikring af bygninger,Peter Nikolaj Weakley,2017,10.5281/zenodo.7791491,"Resonance, earthquake frequencies, earthquake simulation, sinusoidal regression application","<p>This study investigates the causes of buildings collapsing during earthquakes, with the purpose of trying to understand this problem. There are multiple significant factors that play a role in these collapses, but a key one is resonance. To understand the precise effect of resonance, this study uses a combination of Newton&rsquo;s second law and Hooke&rsquo;s law to model harmonic oscillation in a building, and a simple sine function to model longitudinal seismic waves. A differential equation is formulated, the solution to which describes the motion of the building&rsquo;s top in response to the earthquake waves. By graphing this mathematical function, the amplitude of the building oscillations that result for various ratios between the building&rsquo;s natural frequency and the earthquake frequency can be observed.However, to fully understand the effect of resonance it is critical to have a physical reference. The study therefore includes a scientific experiment which tests the effects of simulated earthquake movement on a model building. The experiment verifies that resonance does in fact play a major role in the amplitude of the oscillation at the top of the building, while also showing evidence of a dampening effect (not modelled in the mathematical analysis). Finally, the study examines engineering techniques used to minimise the effects of earthquakes on buildings.</p>",,Zenodo
mmRadPose,"Engel, Lukas, Müller, Jonas, Feria Rendon, Eduardo Javier, Dorschky, Eva, Krauss, Daniel",2025,10.5281/zenodo.14738837,,"<p>Welcome to the official repository for our <em>mmRadPose</em> datatset.</p>
<p>A detailed explanation of the dataset is provided in the corresponding publication.</p>
<p>If you use our dataset, please cite the following paper:</p>
<p>""Advanced Millimeter Wave Radar-Based Human Pose Estimation Enabled by a Deep Learning Neural Network Trained With Optical Motion Capture Ground Truth Data""</p>
<p>LUKAS ENGEL, JONAS MUELLER , EDUARDO JAVIER FERIA RENDON, EVA DORSCHKY, DANIEL KRAUSS, INGRID ULLMANN, BJOERN M. ESKOFIER, AND MARTIN VOSSIEK&nbsp;</p>
<p>published in IEEE Journal of Microwaves (<a href=""https://ieeexplore.ieee.org/document/10904474"">https://ieeexplore.ieee.org/document/10904474</a>).</p>
<p>L. Engel&nbsp;<em>et al</em>., ""Advanced Millimeter Wave Radar-Based Human Pose Estimation Enabled by a Deep Learning Neural Network Trained With Optical Motion Capture Ground Truth Data,"" in <em>IEEE Journal of Microwaves</em>, doi: 10.1109/JMW.2025.3535525. keywords: {Radar;Pose estimation;Deep learning;Skeleton;Laser radar;Sensors;Radar measurements;Motion capture;Cameras;Synchronization;Human pose estimation;radar;optical motion capture;millimeter wave;target list;point cloud;machine learning;deep learning},</p>
<p><strong>Datasets:</strong></p>
<p><strong>POINTCLOUDS&nbsp;</strong></p>
<p>The pointcloud dataset contains radar pointclouds processed from raw radar data and skeleton ground truth data.</p>
<p>mmRadPose_pointclouds/<br>├── p1/ &nbsp; &nbsp; &nbsp; &nbsp; &nbsp; &nbsp; &nbsp; &nbsp; &nbsp;<br>│ &nbsp; ├── angle0/ # angles &nbsp; &nbsp;<br>│ &nbsp; │ &nbsp; ├── 0 # activities<br>│ &nbsp; │ &nbsp; │ &nbsp; &nbsp;├── 0 # recordings<br>│ &nbsp; │ &nbsp; │ &nbsp; &nbsp;│ &nbsp; &nbsp;├── skeleton.npy<br>│ &nbsp; │ &nbsp; │ &nbsp; &nbsp;│ &nbsp; &nbsp;├── targetlist_64.npy<br>│ &nbsp; │ &nbsp; │ &nbsp; &nbsp;├── 1&nbsp;<br>│ &nbsp; │ &nbsp; ├── 1<br>│ &nbsp; │ &nbsp; ├── 2<br>│ &nbsp; │ &nbsp; ├── ...&nbsp;<br>│ &nbsp; │ &nbsp; ├── 10<br>│ &nbsp; │ &nbsp; ├── 11<br>│ &nbsp; ├── angle1/<br>│ &nbsp; ├── angle2/<br>├── p2 &nbsp; &nbsp; &nbsp; &nbsp; &nbsp; &nbsp; &nbsp; &nbsp; &nbsp;&nbsp;<br>├── ...&nbsp;<br>├── p12&nbsp;</p>
<p><br><strong>RAW RADAR DATA</strong></p>
<p>The raw radar data dataset contains &nbsp;parsed () and cutted radar and skeleton ground truth (obained via OMC) data.</p>
<p>radar folder:<br>&nbsp; &nbsp; Contains the radar data in numpy compressed archive file format (e.g. data_cube_parsed_p1_an0_ac0_r0.npz)</p>
<p>skeletons folder:<br>&nbsp; &nbsp; Contains the skeleton GT data in numpy array file format (e.g. skeleton_p1_an0_ac0_r0.npy)</p>
<p>File relation:<br>&nbsp; &nbsp; All files have an unique ID (e.g. p1_an0_ac0_r0) to identify related radar and skeleton recordings.<br>&nbsp; &nbsp;&nbsp;<br>&nbsp; &nbsp; ID meaning:<br>&nbsp; &nbsp; &nbsp; &nbsp; p X = participant X<br>&nbsp; &nbsp; &nbsp; &nbsp; an X = angle X<br>&nbsp; &nbsp; &nbsp; &nbsp; ac X = action X<br>&nbsp; &nbsp; &nbsp; &nbsp; r X = recording X</p>
<p>&nbsp;</p>
<p>Edit:</p>
<p>The skeleton files contain 26 keypoints provided by the OMC. However, only 24 keypoints are used in the paper.</p>",,Zenodo
kratzert/multiple_forcing: Paper code,Frederik Kratzert,2021,10.5281/zenodo.4738770,,No description provided.,,Zenodo
KennethTM/FluxBandit: FluxBandit-v0.7,Kenneth Thorø Martinsen,2026,10.5281/zenodo.18758763,,"<p>Version v0.7 release.</p>
<p>Zenodo DOI added.</p>",,Zenodo
Unsupervised Representation Learning for Proteochemometric Modeling,"Kim, Paul T., Winter, Robin, Clevert, Djork-Arné",2021,10.3390/ijms222312882,,<p>Published in&nbsp;Int. J. Mol.Sci.</p>,,Zenodo
kratzert/ealstm_regional_modeling: Code @ paper acceptance,Frederik Kratzert,2019,10.5281/zenodo.3530884,,<p>The code at the time of paper acceptance</p>,,Zenodo
WIBAM: Weakly Supervised Training of Monocular 3D Object Detectors Using Wide Baseline Multi-view Traffic Camera Data,"Matthew Howe, Ian Reid, Jamie Mackenzie",2021,10.5281/zenodo.5609988,,"<p>Dataset accompanying the WIBAM paper. Paper available on <a href=""https://arxiv.org/abs/2110.10966"">arxiv</a>. Code available on <a href=""https://github.com/MatthewHowe/WIBAM"">github</a>.</p>",,Zenodo
Uncertainty estimation with deep learning for rainfall–runoff modeling,"Klotz, Daniel, Kratzert, Frederik, Gauch, Martin, Keefe Sampson, Alden, Brandstetter, Johannes, Klambauer, Günther, Hochreiter, Sepp, Nearing, Grey",2023,10.5194/hess-26-1673-2022,,<p>Published in Hydrol. Earth Syst. Sci.</p>,,Zenodo
Flat Latent Manifolds for Human-machine Co-creation of Music,"Chen, Nutan, Benbouzid, Djalel, Ferroni, Francesco, Nitschke, Mathis, Pinna, Luciano, van der Smagt, Patrick",2022,10.5281/zenodo.7088286,,"<p>The use of machine learning in artistic music generation leads to controversial discussions of the quality of art, for which objective quantification is nonsensical. We therefore consider a music-generating algorithm as a counterpart to a human musician, in a setting where reciprocal interplay is to lead to new experiences, both for the musician and the audience. To obtain this behaviour, we resort to the framework of recurrent Variational Auto-Encoders (VAE) and learn to generate music, seeded by a human musician. In the learned model, we generate novel musical sequences by interpolation in latent space. Standard VAEs however do not guarantee any form of smoothness in their latent representation. This translates into abrupt changes in the generated music sequences. To overcome these limitations, we regularise the decoder and endow the latent space with a flat Riemannian manifold, i.e., a manifold that is isometric to the Euclidean space. As a result, linearly interpolating in the latent space yields realistic and smooth musical changes that fit the type of machine&ndash;musician interactions we aim for. We provide empirical evidence for our method via a set of experiments on music datasets and we deploy our model for an interactive jam session with a professional drummer. The live performance provides qualitative evidence that the latent representation can be intuitively interpreted and exploited by the drummer to drive the interplay. Beyond the musical application, our approach showcases an instance of human-centred design of machine-learning models, driven by interpretability and the interaction with the end user.</p>",,Zenodo
syfantid/MobileHCI-23-Codebook: Zenodo Version,Sofia Yfantidou,2023,10.5281/zenodo.8143676,,"The codebook for the ""Late-Breaking Work"" paper ""The State of Algorithmic Fairness in Mobile Human-Computer Interaction""",,Zenodo
Automatic Annotation of Nomina Sacra,"Geldhauser, Carina",2024,10.5281/zenodo.12600335,"HTR, OCR, Digital Humanities","<p>Slides presented at the DFG International Workshop ""Nomina Omina. Detecting and Preserving Ancient Greek and Latin Proper Names in the Age of Artificial Intelligence"", which was held at Leipzig University on June 27-29, 2024.</p>",,Zenodo
A survey on automates grading of hand written examination answer scripts using machine learning and natural language processing,"Soppari, Kavitha, Abhilaasha, Kosini, Akanksha, Kommu, Navya, Panumatinti",2025,10.5281/zenodo.17499558,"Hand Written Examination, Answer Scripts Evaluation, NLP, Machine Learning","<p>The evaluation of hand written examination answer scripts in education is traditionally performed by human evaluators, which can introduce bias, inconsistency, and significant delays, especially in large-scale assessments. Recent advances in Artificial Intelligence (AI), particularly Machine Learning (ML) and Natural Language Processing (NLP), have enabled automated systems capable of evaluating hand written examination answer scripts responses with considerable accuracy. The new system will leverage machine learning to analyze word and letter counts in student responses, enhancing efficiency and consistency. Additionally, it will use natural language processing to better understand the content of the answers, making the evaluation process smoother for educational institutions. Moreover, the system will utilize natural language processing (NLP) tools to gain deeper insights into the content of the answers. By understanding context, sentiment, and semantic meaning, it can evaluate the quality of reasoning and argumentation presented in student submissions. This will allow for a more nuanced assessment, considering factors like creativity and clarity, while reducing the likelihood of human error.</p>",,Zenodo
Simulation-based inference in diffusion MRI: From uncertainty mapping to probabilistic tractography,"Manzano-Patron, Jose Pedro, Deistler, Michael, Schroeder, Cornelius, Kypraios, Theodore, Gonçalves, Pedro, Macke, Jakob, Sotiropoulos, Stamatios",2024,10.5281/zenodo.13885239,,"<p>This is the pre-print of our BIC-ISMRM24 abstract ""Simulation-based inference in diffusion MRI: From uncertainty mapping to probabilistic tractography"", P47, Nottingham, September 2024.</p>",,Zenodo
"Gemelo digital para el diseño y evaluación de terapias dirigidas antifibróticas en esclerodermia: enfoque multimodal en piel, epitelio y pulmón",Diego Sánchez de la Fuente,2026,10.5281/zenodo.18260899,Systemic sclerosis Fibrosis Digital twin In silico modeling Targeted therapy Oxidative stress Pro-resolving mediators Omega-3 N-acetylcysteine Microvascular dysfunction,"<p>La esclerodermia es una enfermedad autoinmune compleja caracterizada por da&ntilde;o vascular, inflamaci&oacute;n cr&oacute;nica y fibrosis progresiva que afecta a piel y &oacute;rganos internos, especialmente pulm&oacute;n. A pesar de los avances terap&eacute;uticos, las opciones actuales presentan limitaciones relevantes en eficacia y perfil de seguridad, especialmente para tratamientos de larga duraci&oacute;n.</p>
<p>Este trabajo propone un marco conceptual y computacional basado en gemelos digitales para modelar la progresi&oacute;n fibrosante en esclerodermia y evaluar estrategias terap&eacute;uticas dirigidas y de bajo impacto sist&eacute;mico, centradas en el uso de antioxidantes y mediadores pro-resolutivos, con especial &eacute;nfasis en su aplicaci&oacute;n localizada en piel, epitelio y pulm&oacute;n.</p>
<p>El objetivo no es la reversi&oacute;n de la fibrosis establecida, sino la prevenci&oacute;n de la progresi&oacute;n, la estabilizaci&oacute;n funcional y la cronificaci&oacute;n benigna de la enfermedad, priorizando la seguridad y la calidad de vida del paciente.</p>",,Zenodo
An individual motion driven CNN-Based AI method for precipitation forecasting Using RADAR Image Sequence,"Janavi T S, Kavitha Soppari, Sree, Kommaraju, Vaibhav Varshith, Arisha, Sahith",2025,10.5281/zenodo.17481111,"Precipitation Forecasting, Artificial Intelligence, Radar Image Sequencing, Individual Motion Driven","<p>Precipitation forecasting, especially with high spatial resolution and accurate intensity estimation, remains a critical challenge in the field of Artificial Intelligence (AI). Existing AI-based forecasting models often struggle with key limitations, including mismatched precipitation motion patterns, blurred precipitation field generation, and inaccurate intensity predictions. These issues largely arise from conventional models simulating average motion and neglecting individual motion&mdash;which refers to the unique speed, trajectory, and direction of a single precipitation event. To address these limitations, we propose an Individual Motion Driven AI (IMD-AI) method based on a Convolutional Neural Network (CNN). This approach incorporates motion alignment and pattern grouping techniques to correct mismatches in individual motion estimation, thereby enabling more accurate and intact regional precipitation forecasting. Our CNN architecture is designed to extract spatial features from RADAR image sequences and map them directly to real-world parameters such as precipitation intensity, humidity, wind speed, and atmospheric pressure. Furthermore, to enhance precision and sharpness, we integrate strategies like patch embedding, schedule sampling, and adversarial training under the SPA framework. These additions mitigate the tendency of AI models to filter out high-frequency details, improving the model&rsquo;s ability to preserve fine-scale patterns in precipitation fields. The final system is deployed through a web-based application, allowing users to upload RADAR images and instantly receive multiple weather parameter predictions with high reliability and accuracy.</p>",,Zenodo
"Visualization of SARS-CoV-2 Infection Scenes by  ""Zero-Shot"" Enhancements of Electron Microscopy Images","Drefs, Jakob, Salwig, Sebastian, Lücke, Jörg",2021,10.5281/zenodo.4559517,"SARS-CoV, Coronaviridae, Virus Particle, Machine Learning, Unsupervised Learning, Probabilistic Generative Models, Transmission Electron Microscopy, Image Reconstruction, Image Denoising","<p>&quot;Zero-Shot&quot; enhancements of an electron microscopy image of SARS-CoV-2&nbsp; viruses&nbsp;in Vero cell cultures using&nbsp;probabilistic machine learning algorithms for denoising.&nbsp;&nbsp;The data available here&nbsp;were obtained and are discussed in&nbsp;the paper <em>Visualization of SARS-CoV-2 Infection Scenes by &quot;Zero-Shot&quot; Enhancements of Electron Microscopy Images </em>by <a href=""https://www.biorxiv.org/content/10.1101/2021.02.25.432265v1"">Drefs et al. (2021)</a>.&nbsp;As input we used data made available by&nbsp;<a href=""https://www.nature.com/articles/s41598-021-82852-7"">Laue et al. (2021)</a>&nbsp;who recorded images&nbsp;of ultrathin plastic sections using transmission electron microscopy (we downloaded the data from&nbsp;<a href=""https://zenodo.org/record/3986580#.YDYT_ehKiUk"">this Zenodo repository</a>). The input image can be found in the H5 file&nbsp;<em>sars-cov2-em-noisy-input.h5.</em> Based on the data, we estimated pixel means and variances during the application of probabilistic machine learning algorithms for denoising. In the H5 files&nbsp;<em>sars-cov2-em-sssc-mean-reconstruction.h5</em> and&nbsp;<em>sars-cov2-em-sssc-variance-reconstruction.h5</em>&nbsp;the&nbsp;mean and variance of pixel estimations obtained with a Spike-and-Slab Sparse Coding (SSSC)&nbsp;model can be found&nbsp;(illustrated in&nbsp;Fig. 2 in the paper by Drefs et al. (2021)).&nbsp;In the H5 files&nbsp;<em>sars-cov2-em-gpmm-mean-reconstruction.h5</em> and&nbsp;<em>sars-cov2-em-gpmm-variance-reconstruction.h5</em>&nbsp;the mean and variance of pixel estimations obtained with a Gamma Poisson Mixture model&nbsp;(GPMM)&nbsp;can be found&nbsp;(illustrated in&nbsp;Fig. 3&nbsp;in the paper by Drefs et al. (2021)). The image &quot;<em>sars-cov2-em-sssc-variance-reconstruction-colorized.png&quot;&nbsp;</em>(illustrated in&nbsp;Fig.1 in the paper by Drefs et al. (2021))&nbsp;was obtained after contrast enhancement and colorization:&nbsp;structures that we manually identified as belonging to a cell were colored in blue, the remainder was colorized in yellow.</p>

<p>The H5 files can be read and visualized in Python as follows:</p>

<pre><code>import glob                                                                                 
import h5py                                                                                 
import matplotlib.pyplot as plt
for file in glob.glob(""*.h5""):
    with h5py.File(file, ""r"") as f:
        plt.figure()                                                                        
        plt.imshow(f[""data""][...], cmap=""gray"")
        plt.title(file)
plt.show()</code></pre>

<p>&nbsp;</p>",,Zenodo
